firstCheckin,moveTime,id
2014/07/08 08:13:07,2014/07/08 08:28:13,1844006
2014/07/08 08:44:25,2014/07/08 08:53:44,220105
2014/07/08 08:37:49,2014/07/08 09:10:27,1620491
2014/07/08 08:48:56,2014/07/08 09:04:13,241608
2014/07/08 08:57:46,2014/07/08 09:29:17,2083878
2014/07/08 09:05:22,2014/07/08 09:30:49,935734
2014/07/08 09:13:24,2014/07/08 09:49:30,1415711
2014/07/08 09:21:00,2014/07/08 09:38:53,14557
2014/07/08 09:28:22,2014/07/08 09:38:22,184216
2014/07/08 08:14:19,2014/07/08 08:45:39,868421
2014/07/08 08:29:38,2014/07/08 08:47:10,1561994
2014/07/08 08:40:28,2014/07/08 09:15:05,981786
2014/07/08 08:50:33,2014/07/08 09:26:01,908932
2014/07/08 09:00:58,2014/07/08 09:22:02,15466
2014/07/08 09:07:08,2014/07/08 09:25:47,1608156
2014/07/08 09:14:06,2014/07/08 09:43:12,1466013
2014/07/08 09:22:48,2014/07/08 09:29:58,479734
2014/07/08 08:05:26,2014/07/08 08:18:32,1388440
2014/07/08 08:25:56,2014/07/08 09:02:24,974401
2014/07/08 08:36:12,2014/07/08 08:49:05,1900354
2014/07/08 08:47:01,2014/07/08 09:14:01,487752
2014/07/08 08:55:43,2014/07/08 09:31:30,371807
2014/07/08 09:04:58,2014/07/08 09:28:32,253216
2014/07/08 09:12:03,2014/07/08 09:38:38,2028313
2014/07/08 09:20:36,2014/07/08 09:31:57,2002872
2014/07/08 09:26:59,2014/07/08 09:43:34,1348185
2014/07/08 08:14:09,2014/07/08 08:39:11,1381346
2014/07/08 08:28:39,2014/07/08 08:40:10,782960
2014/07/08 08:39:46,2014/07/08 08:38:21,944133
2014/07/08 08:49:17,2014/07/08 08:55:39,1738746
2014/07/08 09:19:02,2014/07/08 09:45:05,1807119
2014/07/08 09:05:23,2014/07/08 09:30:48,810856
2014/07/08 09:13:35,2014/07/08 09:31:02,1514680
2014/07/08 09:21:01,2014/07/08 09:38:53,681230
2014/07/08 09:28:48,2014/07/08 09:39:55,1856188
2014/07/08 08:25:47,2014/07/08 09:03:20,40624
2014/07/08 08:44:25,2014/07/08 08:53:44,512272
2014/07/08 08:41:16,2014/07/08 09:07:37,2049819
2014/07/08 08:38:04,2014/07/08 09:07:10,150070
2014/07/08 08:46:43,2014/07/08 08:51:10,1991125
2014/07/08 09:23:26,2014/07/08 09:35:54,1138406
2014/07/08 08:55:22,2014/07/08 09:04:51,616395
2014/07/08 08:57:46,2014/07/08 09:29:17,431551
2014/07/08 09:04:49,2014/07/08 09:10:36,1362165
2014/07/08 09:05:23,2014/07/08 09:30:49,1653563
2014/07/08 09:11:14,2014/07/08 09:32:00,1737684
2014/07/08 09:13:33,2014/07/08 09:31:03,1425469
2014/07/08 09:20:33,2014/07/08 09:35:54,1490672
2014/07/08 09:21:00,2014/07/08 09:38:54,1971204
2014/07/08 09:26:57,2014/07/08 09:41:43,527615
2014/07/08 09:28:23,2014/07/08 09:38:22,1044611
2014/07/08 08:24:24,2014/07/08 08:42:35,757916
2014/07/08 08:35:33,2014/07/08 08:41:17,132087
2014/07/08 08:46:18,2014/07/08 09:01:18,1212680
2014/07/08 08:55:22,2014/07/08 09:04:51,1430257
2014/07/08 09:04:04,2014/07/08 09:41:29,2064613
2014/07/08 09:11:14,2014/07/08 09:31:59,1516513
2014/07/08 09:20:32,2014/07/08 09:35:54,1346967
2014/07/08 09:26:57,2014/07/08 09:41:43,1485035
2014/07/08 08:23:42,2014/07/08 09:01:12,1913015
2014/07/08 08:34:10,2014/07/08 08:46:15,284296
2014/07/08 08:46:17,2014/07/08 09:13:24,1159233
2014/07/08 08:54:58,2014/07/08 09:00:47,1946714
2014/07/08 09:03:38,2014/07/08 09:33:48,661855
2014/07/08 09:10:54,2014/07/08 09:24:26,883742
2014/07/08 09:20:31,2014/07/08 09:51:17,525272
2014/07/08 09:26:28,2014/07/08 09:32:33,455359
2014/07/08 08:23:34,2014/07/08 08:49:27,1190174
2014/07/08 08:43:30,2014/07/08 08:51:06,598015
2014/07/08 08:33:32,2014/07/08 09:01:03,163738
2014/07/08 08:45:32,2014/07/08 09:17:17,1098136
2014/07/08 08:54:22,2014/07/08 09:02:26,1431963
2014/07/08 09:03:28,2014/07/08 09:19:39,1790391
2014/07/08 09:10:43,2014/07/08 09:37:35,166128
2014/07/08 09:19:58,2014/07/08 09:49:42,129051
2014/07/08 09:25:58,2014/07/08 09:41:52,1400659
2014/07/08 08:21:48,2014/07/08 08:37:08,168485
2014/07/08 08:33:20,2014/07/08 08:59:44,180661
2014/07/08 08:45:22,2014/07/08 08:51:20,563405
2014/07/08 08:53:04,2014/07/08 09:17:06,84976
2014/07/08 09:03:27,2014/07/08 09:19:40,528981
2014/07/08 09:10:23,2014/07/08 09:36:50,1100779
2014/07/08 09:19:31,2014/07/08 09:32:33,491082
2014/07/08 09:25:34,2014/07/08 09:34:03,1434748
2014/07/08 08:34:09,2014/07/08 08:56:02,2089746
2014/07/08 08:46:16,2014/07/08 08:56:10,2028347
2014/07/08 08:54:49,2014/07/08 09:02:09,230971
2014/07/08 09:04:29,2014/07/08 09:03:30,110626
2014/07/08 09:10:54,2014/07/08 09:24:26,105834
2014/07/08 09:20:31,2014/07/08 09:51:17,1406931
2014/07/08 09:26:28,2014/07/08 09:46:25,157442
2014/07/08 08:24:29,2014/07/08 08:23:24,1091843
2014/07/08 08:33:32,2014/07/08 09:01:02,266580
2014/07/08 08:45:48,2014/07/08 09:21:29,1696314
2014/07/08 08:54:35,2014/07/08 09:11:00,1929109
2014/07/08 08:18:42,2014/07/08 08:27:27,524922
2014/07/08 08:31:12,2014/07/08 08:56:22,1218278
2014/07/08 08:41:41,2014/07/08 09:07:54,1393038
2014/07/08 08:51:36,2014/07/08 09:02:52,1580741
2014/07/08 09:08:11,2014/07/08 09:35:57,836400
2014/07/08 09:15:25,2014/07/08 09:35:53,1646340
2014/07/08 09:23:56,2014/07/08 09:59:30,679297
2014/07/08 09:04:14,2014/07/08 09:03:29,39012
2014/07/08 08:17:18,2014/07/08 08:54:06,1058673
2014/07/08 08:30:28,2014/07/08 08:39:26,1543463
2014/07/08 08:41:36,2014/07/08 09:13:00,1831687
2014/07/08 08:51:22,2014/07/08 09:15:37,1100326
2014/07/08 09:01:22,2014/07/08 09:13:20,827113
2014/07/08 09:07:55,2014/07/08 09:41:04,161781
2014/07/08 09:15:14,2014/07/08 09:27:13,1906309
2014/07/08 09:23:56,2014/07/08 09:59:31,1405426
2014/07/08 08:15:52,2014/07/08 08:33:24,776776
2014/07/08 08:30:12,2014/07/08 08:54:44,697057
2014/07/08 08:41:19,2014/07/08 09:13:04,1820567
2014/07/08 08:50:58,2014/07/08 09:03:02,1411899
2014/07/08 09:01:17,2014/07/08 09:39:06,1245603
2014/07/08 09:07:41,2014/07/08 09:40:22,369571
2014/07/08 09:10:52,2014/07/08 09:24:25,12470
2014/07/08 09:14:55,2014/07/08 09:32:02,923760
2014/07/08 09:20:25,2014/07/08 09:28:08,227221
2014/07/08 09:23:13,2014/07/08 09:33:24,1011112
2014/07/08 09:25:58,2014/07/08 09:41:52,352827
2014/07/08 09:27:00,2014/07/08 09:43:34,1792157
2014/07/08 08:18:55,2014/07/08 08:32:10,2037056
2014/07/08 08:31:12,2014/07/08 08:56:23,990711
2014/07/08 08:41:47,2014/07/08 08:54:28,2046978
2014/07/08 08:52:04,2014/07/08 08:57:42,533215
2014/07/08 09:02:12,2014/07/08 09:32:25,1350546
2014/07/08 09:08:24,2014/07/08 09:28:03,1773684
2014/07/08 09:15:31,2014/07/08 09:24:50,1604621
2014/07/08 09:24:21,2014/07/08 10:00:26,496679
2014/07/08 08:14:19,2014/07/08 08:45:39,1050903
2014/07/08 08:19:27,2014/07/08 08:33:38,2046363
2014/07/08 08:29:08,2014/07/08 08:47:18,2018366
2014/07/08 09:11:01,2014/07/08 09:45:42,1379586
2014/07/08 09:07:19,2014/07/08 09:38:38,1803705
2014/07/08 08:42:59,2014/07/08 09:06:10,174727
2014/07/08 08:49:26,2014/07/08 09:02:27,1136938
2014/07/08 08:52:23,2014/07/08 08:52:11,970547
2014/07/08 08:58:33,2014/07/08 09:12:13,1566005
2014/07/08 09:02:29,2014/07/08 09:20:15,2042862
2014/07/08 09:05:44,2014/07/08 09:24:03,680789
2014/07/08 09:09:27,2014/07/08 09:32:53,410149
2014/07/08 09:13:35,2014/07/08 09:26:33,51389
2014/07/08 09:17:29,2014/07/08 09:33:07,1847604
2014/07/08 09:21:22,2014/07/08 09:56:33,960769
2014/07/08 09:24:58,2014/07/08 09:50:01,1357765
2014/07/08 09:28:49,2014/07/08 09:43:42,1964353
2014/07/08 08:19:25,2014/07/08 08:33:38,1205101
2014/07/08 08:15:20,2014/07/08 08:25:52,725044
2014/07/08 08:29:40,2014/07/08 08:41:53,1972819
2014/07/08 08:41:08,2014/07/08 08:47:20,1368712
2014/07/08 09:14:43,2014/07/08 09:43:45,1668273
2014/07/08 09:00:59,2014/07/08 09:22:02,581794
2014/07/08 09:07:29,2014/07/08 09:16:17,1443105
2014/07/08 09:14:12,2014/07/08 09:19:15,1963788
2014/07/08 09:23:10,2014/07/08 09:47:02,93934
2014/07/08 08:14:21,2014/07/08 08:45:39,891298
2014/07/08 08:29:38,2014/07/08 08:47:09,864634
2014/07/08 08:40:46,2014/07/08 08:49:47,664389
2014/07/08 08:50:41,2014/07/08 09:25:39,1446327
2014/07/08 09:00:59,2014/07/08 09:22:02,1111313
2014/07/08 09:07:08,2014/07/08 09:25:46,1845176
2014/07/08 09:14:07,2014/07/08 09:43:12,1624143
2014/07/08 09:22:48,2014/07/08 09:27:48,766183
2014/07/08 08:28:40,2014/07/08 08:40:09,1825773
2014/07/08 08:31:54,2014/07/08 09:06:44,967732
2014/07/08 08:38:16,2014/07/08 08:52:14,420023
2014/07/08 09:15:04,2014/07/08 09:21:51,82626
2014/07/08 08:49:17,2014/07/08 08:55:40,2017255
2014/07/08 08:52:09,2014/07/08 09:14:13,1182162
2014/07/08 08:58:23,2014/07/08 09:09:53,1548473
2014/07/08 09:02:15,2014/07/08 09:13:41,1401527
2014/07/08 09:05:43,2014/07/08 09:24:03,1133232
2014/07/08 09:08:56,2014/07/08 09:38:52,1174929
2014/07/08 09:13:35,2014/07/08 09:31:02,1912012
2014/07/08 09:17:18,2014/07/08 09:43:48,372082
2014/07/08 09:21:02,2014/07/08 09:38:53,28721
2014/07/08 09:24:50,2014/07/08 09:42:47,14290
2014/07/08 09:28:48,2014/07/08 09:43:42,400052
2014/07/08 08:18:54,2014/07/08 08:32:11,624494
2014/07/08 08:44:24,2014/07/08 08:53:44,2068254
2014/07/08 08:31:12,2014/07/08 08:56:23,482636
2014/07/08 08:37:48,2014/07/08 09:10:22,1122923
2014/07/08 08:13:29,2014/07/08 08:18:29,1412224
2014/07/08 08:28:28,2014/07/08 08:56:51,439435
2014/07/08 08:37:18,2014/07/08 09:08:20,25544
2014/07/08 08:48:54,2014/07/08 09:04:12,21979
2014/07/08 08:57:29,2014/07/08 09:04:59,1963662
2014/07/08 09:05:22,2014/07/08 09:30:49,1235498
2014/07/08 09:13:17,2014/07/08 09:45:23,421508
2014/07/08 09:20:55,2014/07/08 09:29:48,1305659
2014/07/08 09:28:18,2014/07/08 10:03:25,195888
2014/07/08 08:28:03,2014/07/08 08:39:29,827020
2014/07/08 08:36:54,2014/07/08 09:09:28,1844973
2014/07/08 08:48:54,2014/07/08 09:04:13,1436500
2014/07/08 08:56:32,2014/07/08 09:01:18,527768
2014/07/08 09:05:11,2014/07/08 09:33:39,854553
2014/07/08 09:12:58,2014/07/08 09:42:21,153860
2014/07/08 09:20:53,2014/07/08 09:29:48,1008448
2014/07/08 09:27:18,2014/07/08 09:38:24,1233831
2014/07/08 08:26:08,2014/07/08 08:30:48,1040124
2014/07/08 08:36:19,2014/07/08 09:00:57,520054
2014/07/08 08:47:57,2014/07/08 09:07:58,757419
2014/07/08 08:55:45,2014/07/08 09:04:25,1593503
2014/07/08 09:05:00,2014/07/08 09:28:31,1468887
2014/07/08 09:12:27,2014/07/08 09:23:29,596343
2014/07/08 09:20:46,2014/07/08 09:47:13,1905048
2014/07/08 08:41:47,2014/07/08 08:54:27,167470
2014/07/08 08:48:56,2014/07/08 09:04:12,1194531
2014/07/08 08:51:38,2014/07/08 09:16:03,991629
2014/07/08 08:57:45,2014/07/08 09:29:17,1378816
2014/07/08 09:02:04,2014/07/08 09:26:05,22405
2014/07/08 09:05:22,2014/07/08 09:30:49,1988547
2014/07/08 09:08:22,2014/07/08 09:33:56,1632922
2014/07/08 09:13:23,2014/07/08 09:38:33,684948
2014/07/08 09:15:30,2014/07/08 09:24:50,764045
2014/07/08 09:21:00,2014/07/08 09:38:53,1011997
2014/07/08 09:24:10,2014/07/08 09:39:35,1754909
2014/07/08 09:28:21,2014/07/08 09:38:22,764182
2014/07/08 08:19:54,2014/07/08 08:26:29,711301
2014/07/08 08:29:36,2014/07/08 08:45:05,1060632
2014/07/08 08:32:56,2014/07/08 08:42:05,331659
2014/07/08 08:40:06,2014/07/08 09:03:14,1911656
2014/07/08 08:43:13,2014/07/08 08:50:54,350312
2014/07/08 08:49:54,2014/07/08 09:13:42,767004
2014/07/08 08:52:45,2014/07/08 09:26:03,1643712
2014/07/08 08:58:49,2014/07/08 09:06:23,1501569
2014/07/08 08:24:29,2014/07/08 08:23:23,1433466
2014/07/08 08:33:32,2014/07/08 09:01:03,551928
2014/07/08 08:45:48,2014/07/08 09:21:29,1728252
2014/07/08 08:54:35,2014/07/08 09:11:00,844271
2014/07/08 09:04:14,2014/07/08 09:03:29,613364
2014/07/08 09:10:52,2014/07/08 09:24:25,1421396
2014/07/08 09:20:26,2014/07/08 09:28:09,1095309
2014/07/08 09:26:26,2014/07/08 09:32:33,1797386
2014/07/08 08:24:27,2014/07/08 08:23:21,1333235
2014/07/08 08:33:32,2014/07/08 09:02:05,1709971
2014/07/08 09:15:21,2014/07/08 09:20:08,232274
2014/07/08 08:54:32,2014/07/08 09:12:45,1635849
2014/07/08 09:03:28,2014/07/08 09:36:24,548950
2014/07/08 09:10:43,2014/07/08 09:37:35,890518
2014/07/08 09:20:24,2014/07/08 09:28:09,1483705
2014/07/08 09:25:58,2014/07/08 09:41:52,1634397
2014/07/08 08:21:34,2014/07/08 08:57:57,686826
2014/07/08 08:39:46,2014/07/08 09:01:55,937009
2014/07/08 08:45:10,2014/07/08 08:58:05,1199300
2014/07/08 08:53:04,2014/07/08 09:17:06,1346637
2014/07/08 09:03:27,2014/07/08 09:19:40,206379
2014/07/08 09:10:20,2014/07/08 09:16:35,1847830
2014/07/08 09:19:30,2014/07/08 09:32:34,1931298
2014/07/08 09:25:33,2014/07/08 09:34:04,145305
2014/07/08 08:23:34,2014/07/08 08:49:28,2035573
2014/07/08 08:34:09,2014/07/08 08:56:02,723424
2014/07/08 08:46:16,2014/07/08 08:56:10,383251
2014/07/08 08:54:55,2014/07/08 09:05:10,2049088
2014/07/08 09:03:16,2014/07/08 09:31:34,1269117
2014/07/08 09:04:29,2014/07/08 09:03:29,137057
2014/07/08 09:06:43,2014/07/08 09:28:57,1279558
2014/07/08 09:10:05,2014/07/08 09:29:54,1346459
2014/07/08 09:10:54,2014/07/08 09:24:25,1338832
2014/07/08 09:13:48,2014/07/08 09:18:14,167523
2014/07/08 09:19:03,2014/07/08 09:33:00,978753
2014/07/08 09:20:31,2014/07/08 09:51:17,1938374
2014/07/08 09:22:37,2014/07/08 09:33:21,1300247
2014/07/08 09:25:18,2014/07/08 09:50:59,612957
2014/07/08 09:26:28,2014/07/08 09:32:33,1749673
2014/07/08 09:29:49,2014/07/08 09:48:39,244005
2014/07/08 08:21:35,2014/07/08 08:57:57,1385557
2014/07/08 08:33:20,2014/07/08 08:59:45,1421418
2014/07/08 08:45:14,2014/07/08 09:20:31,429515
2014/07/08 08:53:04,2014/07/08 09:17:06,193115
2014/07/08 09:03:27,2014/07/08 09:19:40,379679
2014/07/08 09:10:20,2014/07/08 09:16:34,953856
2014/07/08 09:19:31,2014/07/08 09:32:33,1364785
2014/07/08 09:25:33,2014/07/08 09:34:04,307809
2014/07/08 08:10:52,2014/07/08 08:36:28,1456293
2014/07/08 08:19:50,2014/07/08 08:36:28,1775717
2014/07/08 08:28:02,2014/07/08 08:39:28,610043
2014/07/08 08:32:56,2014/07/08 08:42:05,1244645
2014/07/08 08:36:54,2014/07/08 09:09:29,1381867
2014/07/08 08:43:12,2014/07/08 08:50:55,1334597
2014/07/08 08:48:54,2014/07/08 09:04:12,1376114
2014/07/08 08:52:25,2014/07/08 09:05:59,626177
2014/07/08 08:56:32,2014/07/08 09:14:17,1652892
2014/07/08 09:02:55,2014/07/08 09:32:48,346310
2014/07/08 09:05:11,2014/07/08 09:36:38,770923
2014/07/08 09:09:38,2014/07/08 09:34:42,1288670
2014/07/08 09:12:36,2014/07/08 09:27:49,1233136
2014/07/08 09:18:45,2014/07/08 09:38:22,1886601
2014/07/08 09:20:52,2014/07/08 09:57:29,658367
2014/07/08 09:25:17,2014/07/08 09:50:59,160360
2014/07/08 09:27:08,2014/07/08 09:40:59,843206
2014/07/08 08:19:22,2014/07/08 08:46:01,736972
2014/07/08 08:31:37,2014/07/08 08:47:31,439328
2014/07/08 09:15:05,2014/07/08 09:21:51,1586846
2014/07/08 08:52:08,2014/07/08 09:14:14,504194
2014/07/08 09:02:15,2014/07/08 09:13:41,108757
2014/07/08 09:08:52,2014/07/08 09:19:03,503822
2014/07/08 09:17:18,2014/07/08 09:43:48,252780
2014/07/08 09:24:33,2014/07/08 09:36:27,1352988
2014/07/08 08:18:55,2014/07/08 08:43:20,394482
2014/07/08 08:31:13,2014/07/08 08:56:22,985063
2014/07/08 08:41:47,2014/07/08 08:54:27,452524
2014/07/08 08:52:05,2014/07/08 08:57:41,610091
2014/07/08 09:02:13,2014/07/08 09:32:24,1123214
2014/07/08 09:08:44,2014/07/08 09:34:42,377757
2014/07/08 09:15:31,2014/07/08 09:24:50,378099
2014/07/08 09:24:22,2014/07/08 10:00:27,245129
2014/07/08 08:19:48,2014/07/08 08:49:21,937230
2014/07/08 08:27:12,2014/07/08 08:48:09,2093917
2014/07/08 08:32:37,2014/07/08 08:32:28,1877839
2014/07/08 08:36:20,2014/07/08 09:00:57,328117
2014/07/08 08:43:05,2014/07/08 08:50:56,896600
2014/07/08 08:47:58,2014/07/08 09:07:58,444898
2014/07/08 08:52:24,2014/07/08 09:05:59,1632214
2014/07/08 08:56:24,2014/07/08 09:07:51,971995
2014/07/08 09:02:30,2014/07/08 09:20:16,1350922
2014/07/08 09:05:08,2014/07/08 09:41:40,593157
2014/07/08 09:09:28,2014/07/08 09:32:52,1210755
2014/07/08 09:12:28,2014/07/08 09:23:28,361919
2014/07/08 09:17:30,2014/07/08 09:33:08,1303823
2014/07/08 09:20:47,2014/07/08 09:47:12,2088376
2014/07/08 09:24:58,2014/07/08 09:50:02,2060350
2014/07/08 09:27:01,2014/07/08 09:59:01,332278
2014/07/08 08:19:01,2014/07/08 08:47:55,2035400
2014/07/08 08:25:56,2014/07/08 09:02:25,540855
2014/07/08 08:31:34,2014/07/08 09:07:17,1861057
2014/07/08 08:41:16,2014/07/08 09:07:37,7339
2014/07/08 09:15:04,2014/07/08 09:21:51,1552433
2014/07/08 08:14:10,2014/07/08 08:45:18,1200858
2014/07/08 08:29:36,2014/07/08 08:45:05,1732710
2014/07/08 08:40:18,2014/07/08 08:58:54,1718690
2014/07/08 08:50:29,2014/07/08 09:11:56,1727226
2014/07/08 08:59:46,2014/07/08 09:24:23,150855
2014/07/08 09:06:47,2014/07/08 09:15:33,1614351
2014/07/08 09:13:53,2014/07/08 09:26:07,1481697
2014/07/08 09:22:38,2014/07/08 09:33:21,1800174
2014/07/08 09:29:50,2014/07/08 09:48:40,487563
2014/07/08 08:29:35,2014/07/08 08:45:04,617592
2014/07/08 08:40:05,2014/07/08 09:03:13,1156732
2014/07/08 08:49:54,2014/07/08 09:13:42,1064643
2014/07/08 08:58:48,2014/07/08 09:06:23,278534
2014/07/08 09:06:24,2014/07/08 09:36:58,473656
2014/07/08 09:13:37,2014/07/08 09:26:33,688908
2014/07/08 09:22:29,2014/07/08 09:38:23,894840
2014/07/08 09:29:39,2014/07/08 09:43:06,667990
2014/07/08 08:29:07,2014/07/08 08:34:27,469296
2014/07/08 08:38:18,2014/07/08 08:52:14,410668
2014/07/08 08:49:17,2014/07/08 08:55:39,89187
2014/07/08 08:58:33,2014/07/08 09:12:12,1104264
2014/07/08 09:05:44,2014/07/08 09:24:03,228641
2014/07/08 09:13:35,2014/07/08 09:26:34,377926
2014/07/08 09:21:12,2014/07/08 09:47:18,2039166
2014/07/08 09:28:49,2014/07/08 09:33:36,1229466
2014/07/08 08:46:44,2014/07/08 08:51:09,1538270
2014/07/08 08:52:08,2014/07/08 09:14:13,1144531
2014/07/08 08:55:42,2014/07/08 09:31:30,1709860
2014/07/08 09:02:14,2014/07/08 09:18:24,785868
2014/07/08 09:04:50,2014/07/08 09:10:36,1653353
2014/07/08 09:08:45,2014/07/08 09:34:42,734438
2014/07/08 09:11:45,2014/07/08 09:39:07,603369
2014/07/08 09:16:48,2014/07/08 09:22:07,936244
2014/07/08 09:20:33,2014/07/08 09:35:54,810735
2014/07/08 09:24:32,2014/07/08 09:36:27,1770129
2014/07/08 09:26:58,2014/07/08 09:52:30,700571
2014/07/08 08:21:33,2014/07/08 08:33:37,1096420
2014/07/08 08:44:25,2014/07/08 08:53:44,106485
2014/07/08 08:33:08,2014/07/08 09:09:45,1596740
2014/07/08 08:37:47,2014/07/08 09:10:22,119648
2014/07/08 08:45:02,2014/07/08 09:14:07,732739
2014/07/08 08:48:54,2014/07/08 09:04:12,931011
2014/07/08 08:53:03,2014/07/08 09:12:51,365242
2014/07/08 08:57:31,2014/07/08 09:04:59,1135791
2014/07/08 09:03:27,2014/07/08 09:19:39,1217359
2014/07/08 09:05:22,2014/07/08 09:30:49,1895009
2014/07/08 08:12:58,2014/07/08 08:45:31,1355346
2014/07/08 08:27:12,2014/07/08 08:48:09,1191631
2014/07/08 08:36:20,2014/07/08 09:00:57,1809394
2014/07/08 08:47:58,2014/07/08 09:07:58,226280
2014/07/08 08:56:23,2014/07/08 09:07:51,382933
2014/07/08 09:05:08,2014/07/08 09:41:41,1354188
2014/07/08 09:12:27,2014/07/08 09:23:29,605486
2014/07/08 09:20:46,2014/07/08 09:47:12,855326
2014/07/08 09:27:00,2014/07/08 09:43:34,617404
2014/07/08 08:26:06,2014/07/08 08:30:48,1669471
2014/07/08 08:36:13,2014/07/08 08:49:05,1890020
2014/07/08 08:47:14,2014/07/08 09:10:17,521692
2014/07/08 08:55:43,2014/07/08 09:04:26,549101
2014/07/08 09:04:58,2014/07/08 09:28:31,847672
2014/07/08 09:12:04,2014/07/08 09:38:38,158340
2014/07/08 09:20:36,2014/07/08 09:31:58,578682
2014/07/08 09:26:59,2014/07/08 09:52:30,1629728
2014/07/08 08:23:44,2014/07/08 09:01:12,1955415
2014/07/08 08:34:29,2014/07/08 09:02:07,47758
2014/07/08 08:46:18,2014/07/08 09:01:19,105229
2014/07/08 08:55:21,2014/07/08 09:04:51,864736
2014/07/08 09:04:03,2014/07/08 09:41:30,678625
2014/07/08 09:11:00,2014/07/08 09:15:41,405002
2014/07/08 09:20:32,2014/07/08 09:35:54,1082547
2014/07/08 09:26:57,2014/07/08 09:41:43,1179621
2014/07/08 08:28:25,2014/07/08 08:41:27,299987
2014/07/08 08:37:09,2014/07/08 09:11:11,460630
2014/07/08 08:48:54,2014/07/08 09:04:12,1614499
2014/07/08 08:56:33,2014/07/08 09:01:18,1315762
2014/07/08 09:05:11,2014/07/08 09:36:39,929532
2014/07/08 09:13:08,2014/07/08 09:13:04,1102616
2014/07/08 09:20:53,2014/07/08 09:29:48,510274
2014/07/08 09:27:18,2014/07/08 09:38:24,96203
2014/07/08 09:10:20,2014/07/08 09:16:34,1037450
2014/07/08 09:13:18,2014/07/08 09:45:23,853917
2014/07/08 09:19:24,2014/07/08 09:56:28,1529852
2014/07/08 09:20:55,2014/07/08 09:29:48,431836
2014/07/08 09:25:29,2014/07/08 09:52:38,1526716
2014/07/08 09:28:19,2014/07/08 10:03:26,182878
2014/07/08 08:23:35,2014/07/08 08:49:27,1371050
2014/07/08 08:29:36,2014/07/08 08:45:05,1467015
2014/07/08 08:34:09,2014/07/08 08:56:03,930115
2014/07/08 08:40:06,2014/07/08 09:03:02,1916015
2014/07/08 08:46:16,2014/07/08 09:13:24,485704
2014/07/08 08:50:27,2014/07/08 09:11:56,611725
2014/07/08 08:54:55,2014/07/08 09:05:10,435513
2014/07/08 08:59:33,2014/07/08 09:33:32,1690685
2014/07/08 09:04:32,2014/07/08 09:03:34,1877708
2014/07/08 09:06:44,2014/07/08 09:28:57,1937289
2014/07/08 09:10:54,2014/07/08 09:30:29,1718771
2014/07/08 09:13:52,2014/07/08 09:26:07,740577
2014/07/08 09:20:31,2014/07/08 09:51:17,2095479
2014/07/08 09:22:37,2014/07/08 09:33:21,462736
2014/07/08 08:23:33,2014/07/08 08:49:28,531900
2014/07/08 08:45:57,2014/07/08 08:51:01,878162
2014/07/08 08:46:15,2014/07/08 08:56:10,1401128
2014/07/08 08:54:48,2014/07/08 09:02:08,2018504
2014/07/08 09:04:25,2014/07/08 09:03:32,1039004
2014/07/08 09:10:53,2014/07/08 09:30:29,158275
2014/07/08 09:20:31,2014/07/08 09:51:16,1230569
2014/07/08 09:26:28,2014/07/08 09:46:26,1351658
2014/07/08 08:24:29,2014/07/08 08:23:24,921765
2014/07/08 08:33:33,2014/07/08 09:01:02,1583686
2014/07/08 08:45:48,2014/07/08 09:21:29,549264
2014/07/08 08:54:36,2014/07/08 09:10:59,315934
2014/07/08 09:04:17,2014/07/08 09:03:32,168368
2014/07/08 09:10:52,2014/07/08 09:24:26,199976
2014/07/08 09:20:26,2014/07/08 09:28:09,1722376
2014/07/08 09:26:26,2014/07/08 09:32:33,503736
2014/07/08 08:43:29,2014/07/08 08:51:06,1026614
2014/07/08 08:33:31,2014/07/08 08:40:00,1306211
2014/07/08 08:45:28,2014/07/08 09:18:22,1679237
2014/07/08 08:54:15,2014/07/08 09:24:21,1696430
2014/07/08 09:03:28,2014/07/08 09:19:39,1715217
2014/07/08 09:10:24,2014/07/08 09:36:50,203267
2014/07/08 09:19:57,2014/07/08 09:49:42,1774782
2014/07/08 09:25:57,2014/07/08 09:41:52,784566
2014/07/08 08:23:44,2014/07/08 09:01:12,1406300
2014/07/08 08:34:28,2014/07/08 09:02:07,1469947
2014/07/08 08:46:17,2014/07/08 09:01:19,1386541
2014/07/08 08:54:58,2014/07/08 09:00:47,669587
2014/07/08 09:22:58,2014/07/08 09:44:55,1765165
2014/07/08 09:11:00,2014/07/08 09:15:41,1678482
2014/07/08 09:20:31,2014/07/08 09:51:17,710019
2014/07/08 09:26:38,2014/07/08 09:26:34,1760383
2014/07/08 08:28:26,2014/07/08 08:41:27,1425069
2014/07/08 08:37:17,2014/07/08 09:08:21,1914861
2014/07/08 08:48:54,2014/07/08 09:04:13,1784252
2014/07/08 08:56:33,2014/07/08 09:14:18,1999729
2014/07/08 09:05:12,2014/07/08 09:36:39,433010
2014/07/08 09:13:16,2014/07/08 09:45:23,1130268
2014/07/08 09:20:54,2014/07/08 09:29:47,2037299
2014/07/08 09:26:28,2014/07/08 09:32:33,1899097
2014/07/08 09:27:19,2014/07/08 09:38:24,656123
2014/07/08 09:29:50,2014/07/08 09:48:40,1762673
2014/07/08 08:20:58,2014/07/08 08:35:36,695430
2014/07/08 08:33:07,2014/07/08 09:09:45,1748756
2014/07/08 08:43:33,2014/07/08 09:13:08,1048966
2014/07/08 08:53:03,2014/07/08 09:06:41,1047279
2014/07/08 09:03:18,2014/07/08 09:31:33,1748076
2014/07/08 09:10:18,2014/07/08 09:41:03,1235149
2014/07/08 09:19:22,2014/07/08 09:50:53,1200408
2014/07/08 09:25:28,2014/07/08 09:52:37,314102
2014/07/08 08:19:51,2014/07/08 08:36:28,363928
2014/07/08 08:32:56,2014/07/08 08:42:05,1963421
2014/07/08 08:43:13,2014/07/08 08:50:55,1559580
2014/07/08 08:52:25,2014/07/08 09:06:00,953336
2014/07/08 09:02:55,2014/07/08 09:32:47,617164
2014/07/08 09:09:38,2014/07/08 09:27:31,1487166
2014/07/08 09:18:56,2014/07/08 09:31:46,72753
2014/07/08 09:25:17,2014/07/08 09:51:00,2061906
2014/07/08 08:19:26,2014/07/08 08:33:37,2015125
2014/07/08 09:11:01,2014/07/08 09:45:41,423861
2014/07/08 08:43:05,2014/07/08 08:43:00,1868658
2014/07/08 08:52:23,2014/07/08 09:15:15,1634
2014/07/08 09:02:28,2014/07/08 09:20:16,685539
2014/07/08 09:09:08,2014/07/08 09:09:03,529662
2014/07/08 09:17:25,2014/07/08 09:25:28,1925175
2014/07/08 09:24:52,2014/07/08 09:42:47,983958
2014/07/08 08:15:53,2014/07/08 08:33:23,1452666
2014/07/08 08:30:13,2014/07/08 08:59:21,1109022
2014/07/08 08:41:19,2014/07/08 09:13:04,944823
2014/07/08 08:50:58,2014/07/08 09:03:02,1820773
2014/07/08 09:01:17,2014/07/08 09:39:06,1883690
2014/07/08 09:07:44,2014/07/08 09:23:52,2044130
2014/07/08 09:14:56,2014/07/08 09:32:02,1369240
2014/07/08 09:23:32,2014/07/08 09:32:27,1392457
2014/07/08 08:15:29,2014/07/08 08:43:42,873560
2014/07/08 08:29:46,2014/07/08 08:48:22,1388022
2014/07/08 08:41:08,2014/07/08 09:02:57,1805054
2014/07/08 08:50:56,2014/07/08 09:03:01,290404
2014/07/08 09:01:00,2014/07/08 09:22:02,1660198
2014/07/08 09:07:39,2014/07/08 09:20:25,2092979
2014/07/08 09:14:18,2014/07/08 09:51:00,528530
2014/07/08 09:23:11,2014/07/08 09:47:03,1003815
2014/07/08 08:14:19,2014/07/08 08:45:39,1833519
2014/07/08 08:29:36,2014/07/08 08:45:05,69245
2014/07/08 08:40:27,2014/07/08 09:15:06,2054121
2014/07/08 08:50:33,2014/07/08 09:26:01,1704953
2014/07/08 09:00:40,2014/07/08 09:22:18,326279
2014/07/08 09:07:08,2014/07/08 09:25:46,1120951
2014/07/08 09:14:01,2014/07/08 09:25:08,1548729
2014/07/08 09:22:47,2014/07/08 09:37:11,2037221
2014/07/08 08:18:42,2014/07/08 08:27:28,1080082
2014/07/08 08:30:29,2014/07/08 08:39:27,162188
2014/07/08 08:41:36,2014/07/08 08:57:24,449035
2014/07/08 08:51:23,2014/07/08 09:15:38,1175999
2014/07/08 09:01:49,2014/07/08 09:14:56,560100
2014/07/08 09:07:46,2014/07/08 09:36:06,1766609
2014/07/08 09:15:18,2014/07/08 09:33:11,947796
2014/07/08 09:23:56,2014/07/08 09:59:30,143415
2014/07/08 08:14:10,2014/07/08 08:39:11,126739
2014/07/08 08:29:34,2014/07/08 08:45:05,1578380
2014/07/08 08:40:04,2014/07/08 09:03:14,338161
2014/07/08 08:49:53,2014/07/08 09:13:41,1774287
2014/07/08 08:58:48,2014/07/08 09:14:27,197541
2014/07/08 09:06:24,2014/07/08 09:36:58,353773
2014/07/08 09:13:37,2014/07/08 09:41:28,552852
2014/07/08 09:22:29,2014/07/08 09:38:24,657862
2014/07/08 09:29:38,2014/07/08 09:43:06,1468523
2014/07/08 08:29:08,2014/07/08 08:47:18,292773
2014/07/08 08:38:56,2014/07/08 08:50:36,562597
2014/07/08 08:49:26,2014/07/08 09:02:28,1197642
2014/07/08 08:58:47,2014/07/08 09:14:27,1822329
2014/07/08 09:05:49,2014/07/08 09:33:32,1236516
2014/07/08 09:13:36,2014/07/08 09:26:33,1814691
2014/07/08 09:21:23,2014/07/08 09:56:34,1507036
2014/07/08 09:28:49,2014/07/08 09:33:36,724552
2014/07/08 08:28:39,2014/07/08 08:59:34,587055
2014/07/08 08:39:46,2014/07/08 08:38:21,1313613
2014/07/08 08:49:17,2014/07/08 08:55:40,1441614
2014/07/08 08:57:49,2014/07/08 09:35:52,514645
2014/07/08 09:05:23,2014/07/08 09:30:48,676142
2014/07/08 09:13:35,2014/07/08 09:31:03,1432187
2014/07/08 09:21:01,2014/07/08 09:38:54,1544108
2014/07/08 09:28:48,2014/07/08 09:39:54,1016471
2014/07/08 08:29:36,2014/07/08 08:45:05,378695
2014/07/08 08:40:18,2014/07/08 08:58:53,595748
2014/07/08 08:50:29,2014/07/08 09:11:56,810181
2014/07/08 09:00:21,2014/07/08 09:17:38,1486520
2014/07/08 09:06:51,2014/07/08 09:27:01,837947
2014/07/08 09:14:00,2014/07/08 09:25:09,2048286
2014/07/08 09:22:39,2014/07/08 09:33:22,703296
2014/07/08 08:18:42,2014/07/08 08:27:27,1196676
2014/07/08 08:30:29,2014/07/08 08:39:27,37425
2014/07/08 08:41:37,2014/07/08 08:57:24,1593608
2014/07/08 08:51:35,2014/07/08 09:00:09,630410
2014/07/08 09:01:53,2014/07/08 09:01:37,1617284
2014/07/08 09:08:04,2014/07/08 09:25:38,1923108
2014/07/08 09:15:18,2014/07/08 09:33:12,963275
2014/07/08 09:23:56,2014/07/08 09:59:30,1597320
2014/07/08 08:18:42,2014/07/08 08:27:27,844639
2014/07/08 08:20:59,2014/07/08 08:35:36,1361849
2014/07/08 08:44:25,2014/07/08 08:53:44,1469505
2014/07/08 08:29:36,2014/07/08 08:45:05,246027
2014/07/08 08:31:12,2014/07/08 08:56:23,1382309
2014/07/08 08:34:28,2014/07/08 09:02:06,1426523
2014/07/08 08:37:19,2014/07/08 09:08:21,1098471
2014/07/08 08:40:18,2014/07/08 08:58:54,27774
2014/07/08 08:44:58,2014/07/08 08:54:09,1276675
2014/07/08 08:46:17,2014/07/08 09:01:18,1180630
2014/07/08 08:48:54,2014/07/08 09:04:13,307107
2014/07/08 08:51:36,2014/07/08 09:00:09,458709
2014/07/08 08:53:03,2014/07/08 09:17:06,2056851
2014/07/08 08:54:58,2014/07/08 09:00:47,1981099
2014/07/08 08:59:46,2014/07/08 09:24:23,813750
2014/07/08 09:03:18,2014/07/08 09:31:34,546414
2014/07/08 09:05:22,2014/07/08 09:30:49,1835351
2014/07/08 09:06:48,2014/07/08 09:15:32,1663043
2014/07/08 09:08:19,2014/07/08 09:42:23,340489
2014/07/08 09:10:59,2014/07/08 09:15:40,250430
2014/07/08 09:13:18,2014/07/08 09:45:23,108103
2014/07/08 09:13:53,2014/07/08 09:26:08,382206
2014/07/08 09:19:22,2014/07/08 09:50:53,1713825
2014/07/08 09:20:31,2014/07/08 09:51:17,677275
2014/07/08 09:20:55,2014/07/08 09:29:47,1942120
2014/07/08 09:24:04,2014/07/08 09:44:29,678349
2014/07/08 09:25:28,2014/07/08 09:52:37,731228
2014/07/08 09:26:28,2014/07/08 09:46:26,81525
2014/07/08 08:16:22,2014/07/08 08:39:08,958832
2014/07/08 08:19:50,2014/07/08 08:36:28,1689151
2014/07/08 08:23:33,2014/07/08 08:42:17,197786
2014/07/08 08:29:31,2014/07/08 08:49:56,297504
2014/07/08 08:30:14,2014/07/08 08:59:21,1272013
2014/07/08 08:32:55,2014/07/08 08:42:06,1306175
2014/07/08 08:36:53,2014/07/08 09:09:28,2025920
2014/07/08 08:40:04,2014/07/08 09:03:14,246751
2014/07/08 08:41:32,2014/07/08 08:46:38,1677351
2014/07/08 08:45:59,2014/07/08 08:50:57,249267
2014/07/08 08:48:26,2014/07/08 09:24:53,1143242
2014/07/08 08:49:50,2014/07/08 09:18:28,1017662
2014/07/08 08:52:25,2014/07/08 09:06:00,1283332
2014/07/08 08:54:40,2014/07/08 09:31:40,168789
2014/07/08 08:56:32,2014/07/08 09:01:19,1161194
2014/07/08 09:01:21,2014/07/08 09:13:21,1725950
2014/07/08 09:02:55,2014/07/08 09:32:47,1254510
2014/07/08 09:04:19,2014/07/08 09:03:32,1814139
2014/07/08 09:06:24,2014/07/08 09:36:58,249151
2014/07/08 09:07:45,2014/07/08 09:35:08,811009
2014/07/08 09:09:07,2014/07/08 09:18:00,261886
2014/07/08 09:12:35,2014/07/08 09:27:49,784784
2014/07/08 09:13:37,2014/07/08 09:26:34,1533281
2014/07/08 09:15:14,2014/07/08 09:27:13,130292
2014/07/08 09:20:31,2014/07/08 09:51:17,1208888
2014/07/08 09:20:51,2014/07/08 09:57:28,1278084
2014/07/08 09:22:29,2014/07/08 09:22:26,1676388
2014/07/08 09:24:58,2014/07/08 09:50:02,809068
2014/07/08 09:26:27,2014/07/08 09:46:25,809635
2014/07/08 09:27:08,2014/07/08 09:40:59,1375098
2014/07/08 08:15:50,2014/07/08 08:37:28,1754996
2014/07/08 08:19:25,2014/07/08 08:33:38,1732916
2014/07/08 08:24:27,2014/07/08 08:23:21,944383
2014/07/08 08:28:40,2014/07/08 08:40:10,584529
2014/07/08 08:29:47,2014/07/08 08:48:21,199078
2014/07/08 08:31:55,2014/07/08 08:36:16,1822890
2014/07/08 08:36:14,2014/07/08 08:49:05,1243456
2014/07/08 08:38:17,2014/07/08 08:52:14,85245
2014/07/08 08:41:08,2014/07/08 08:47:20,589093
2014/07/08 08:45:48,2014/07/08 09:21:29,1329392
2014/07/08 08:47:15,2014/07/08 09:10:17,1537168
2014/07/08 08:49:17,2014/07/08 08:55:40,554286
2014/07/08 08:52:09,2014/07/08 09:14:13,1266325
2014/07/08 08:54:33,2014/07/08 09:12:45,1966901
2014/07/08 08:55:44,2014/07/08 09:04:25,1411540
2014/07/08 09:01:03,2014/07/08 09:16:18,1697657
2014/07/08 09:02:16,2014/07/08 09:13:41,1844105
2014/07/08 09:04:13,2014/07/08 09:03:29,1923259
2014/07/08 09:05:43,2014/07/08 09:24:03,363668
2014/07/08 09:07:40,2014/07/08 09:20:26,1865358
2014/07/08 09:09:08,2014/07/08 09:09:03,1462794
2014/07/08 09:12:20,2014/07/08 09:44:08,1439610
2014/07/08 09:13:35,2014/07/08 09:26:33,2085735
2014/07/08 09:14:32,2014/07/08 09:30:45,976932
2014/07/08 09:20:24,2014/07/08 09:39:21,879534
2014/07/08 09:20:37,2014/07/08 09:31:57,1975435
2014/07/08 09:21:02,2014/07/08 09:38:53,325607
2014/07/08 09:24:51,2014/07/08 09:42:47,1871023
2014/07/08 09:25:58,2014/07/08 09:41:52,1693724
2014/07/08 09:26:59,2014/07/08 09:52:30,1953292
2014/07/08 08:14:20,2014/07/08 08:45:39,747172
2014/07/08 08:18:56,2014/07/08 08:43:19,1838599
2014/07/08 08:43:29,2014/07/08 08:51:07,1638453
2014/07/08 08:28:39,2014/07/08 08:40:10,1399718
2014/07/08 08:29:39,2014/07/08 08:41:53,754688
2014/07/08 08:31:14,2014/07/08 08:56:23,1965323
2014/07/08 08:41:15,2014/07/08 09:07:36,634799
2014/07/08 08:39:45,2014/07/08 08:38:18,1629394
2014/07/08 08:41:06,2014/07/08 09:02:58,450820
2014/07/08 08:45:27,2014/07/08 09:18:22,1349793
2014/07/08 08:46:43,2014/07/08 08:51:10,862848
2014/07/08 08:49:16,2014/07/08 08:55:39,1464565
2014/07/08 08:52:06,2014/07/08 08:57:42,1811027
2014/07/08 09:23:26,2014/07/08 09:35:53,535703
2014/07/08 08:55:41,2014/07/08 09:31:31,957836
2014/07/08 09:00:59,2014/07/08 09:22:02,1997632
2014/07/08 09:02:14,2014/07/08 09:18:23,278788
2014/07/08 09:03:27,2014/07/08 09:19:40,744017
2014/07/08 09:05:23,2014/07/08 09:30:49,1794987
2014/07/08 09:07:28,2014/07/08 09:16:18,531594
2014/07/08 09:08:45,2014/07/08 09:34:42,1188711
2014/07/08 09:11:44,2014/07/08 09:39:08,710974
2014/07/08 09:13:35,2014/07/08 09:31:02,1399755
2014/07/08 09:14:11,2014/07/08 09:19:16,905400
2014/07/08 09:19:56,2014/07/08 09:49:42,732567
2014/07/08 09:20:33,2014/07/08 09:35:54,795257
2014/07/08 09:21:00,2014/07/08 09:38:53,662594
2014/07/08 09:24:28,2014/07/08 09:54:26,254038
2014/07/08 09:25:57,2014/07/08 09:41:52,746539
2014/07/08 09:26:58,2014/07/08 09:41:42,1345537
2014/07/08 08:18:42,2014/07/08 08:27:28,358901
2014/07/08 08:20:58,2014/07/08 08:35:37,1605651
2014/07/08 08:23:42,2014/07/08 09:01:12,1869353
2014/07/08 08:29:36,2014/07/08 08:45:05,1685710
2014/07/08 08:31:12,2014/07/08 08:56:23,1180493
2014/07/08 08:33:07,2014/07/08 09:09:46,1368768
2014/07/08 08:37:17,2014/07/08 09:08:20,647120
2014/07/08 08:40:06,2014/07/08 09:03:14,1946340
2014/07/08 08:41:40,2014/07/08 09:07:54,1754769
2014/07/08 08:46:17,2014/07/08 09:13:23,105876
2014/07/08 08:48:54,2014/07/08 09:04:13,2078374
2014/07/08 08:50:28,2014/07/08 09:11:55,747926
2014/07/08 08:52:46,2014/07/08 09:26:04,941650
2014/07/08 08:54:57,2014/07/08 09:00:47,1979770
2014/07/08 08:56:41,2014/07/08 09:09:08,49375
2014/07/08 09:03:18,2014/07/08 09:31:34,1108165
2014/07/08 09:03:29,2014/07/08 09:19:39,149853
2014/07/08 09:06:44,2014/07/08 09:28:56,551143
2014/07/08 09:08:11,2014/07/08 09:35:56,1140651
2014/07/08 09:10:17,2014/07/08 09:41:02,18521
2014/07/08 09:13:16,2014/07/08 09:45:23,1465213
2014/07/08 09:13:53,2014/07/08 09:26:07,1451935
2014/07/08 09:15:25,2014/07/08 09:35:53,1385263
2014/07/08 09:20:31,2014/07/08 09:51:17,420626
2014/07/08 09:20:55,2014/07/08 09:29:48,1070212
2014/07/08 09:22:37,2014/07/08 09:33:21,985277
2014/07/08 09:25:27,2014/07/08 09:52:37,904030
2014/07/08 09:26:28,2014/07/08 09:46:26,1924195
2014/07/08 09:27:20,2014/07/08 09:38:25,2020630
2014/07/08 08:16:22,2014/07/08 08:39:08,1071486
2014/07/08 08:19:49,2014/07/08 08:36:29,102379
2014/07/08 08:25:20,2014/07/08 08:23:22,1182208
2014/07/08 08:29:25,2014/07/08 08:49:27,1028235
2014/07/08 08:30:13,2014/07/08 08:59:21,1251137
2014/07/08 08:32:38,2014/07/08 08:32:29,1643608
2014/07/08 08:36:52,2014/07/08 09:09:28,2059098
2014/07/08 08:39:01,2014/07/08 09:09:54,1595318
2014/07/08 08:41:28,2014/07/08 08:55:02,1171139
2014/07/08 08:16:34,2014/07/08 08:16:30,41879
2014/07/08 08:30:27,2014/07/08 08:39:27,242395
2014/07/08 08:41:32,2014/07/08 09:13:07,560114
2014/07/08 08:51:17,2014/07/08 08:58:15,1631156
2014/07/08 09:01:21,2014/07/08 09:13:20,663299
2014/07/08 09:07:46,2014/07/08 09:23:52,1005513
2014/07/08 09:15:14,2014/07/08 09:27:12,1523470
2014/07/08 09:23:56,2014/07/08 09:59:30,1246650
2014/07/08 08:16:21,2014/07/08 08:39:08,1778519
2014/07/08 08:30:13,2014/07/08 08:59:20,1180904
2014/07/08 08:41:20,2014/07/08 09:13:03,2089891
2014/07/08 08:51:15,2014/07/08 09:18:09,813641
2014/07/08 08:45:50,2014/07/08 09:20:28,383458
2014/07/08 09:01:18,2014/07/08 09:24:58,1520595
2014/07/08 09:07:44,2014/07/08 09:23:52,954790
2014/07/08 09:14:56,2014/07/08 09:32:01,1635641
2014/07/08 09:23:33,2014/07/08 09:32:27,1723510
2014/07/08 08:15:19,2014/07/08 08:25:52,973520
2014/07/08 08:29:40,2014/07/08 08:41:53,1536811
2014/07/08 08:41:07,2014/07/08 09:02:57,191805
2014/07/08 09:14:43,2014/07/08 09:43:45,557591
2014/07/08 09:00:59,2014/07/08 09:22:02,297404
2014/07/08 09:07:28,2014/07/08 09:16:17,993422
2014/07/08 09:14:12,2014/07/08 09:19:16,1596600
2014/07/08 09:23:09,2014/07/08 09:47:03,848722
2014/07/08 08:47:58,2014/07/08 09:07:58,744541
2014/07/08 08:18:43,2014/07/08 08:27:27,1458671
2014/07/08 08:31:12,2014/07/08 08:56:23,1656581
2014/07/08 08:41:47,2014/07/08 08:54:27,1001032
2014/07/08 08:51:37,2014/07/08 09:16:02,1359359
2014/07/08 09:02:02,2014/07/08 09:26:05,1359205
2014/07/08 09:08:20,2014/07/08 09:20:51,1873443
2014/07/08 09:15:25,2014/07/08 09:35:53,484032
2014/07/08 09:24:09,2014/07/08 09:39:34,895448
2014/07/08 08:20:14,2014/07/08 08:20:04,1318220
2014/07/08 08:32:57,2014/07/08 08:42:06,588165
2014/07/08 08:43:13,2014/07/08 08:50:54,595122
2014/07/08 08:52:46,2014/07/08 09:26:03,157984
2014/07/08 09:03:17,2014/07/08 09:31:33,665399
2014/07/08 09:10:16,2014/07/08 09:41:02,1096690
2014/07/08 09:19:12,2014/07/08 09:56:32,46326
2014/07/08 09:25:18,2014/07/08 09:50:59,950113
2014/07/08 08:23:43,2014/07/08 09:01:11,828737
2014/07/08 08:33:07,2014/07/08 09:09:46,2090048
2014/07/08 08:41:42,2014/07/08 09:07:54,1077662
2014/07/08 08:50:29,2014/07/08 09:11:56,77341
2014/07/08 08:57:30,2014/07/08 09:04:59,1474620
2014/07/08 09:22:59,2014/07/08 09:44:56,1473040
2014/07/08 09:10:19,2014/07/08 09:16:34,368533
2014/07/08 09:15:25,2014/07/08 09:35:53,1892771
2014/07/08 09:22:39,2014/07/08 09:33:22,1388162
2014/07/08 09:28:19,2014/07/08 10:03:26,145262
2014/07/08 08:28:01,2014/07/08 08:39:29,969451
2014/07/08 08:45:57,2014/07/08 08:51:01,921842
2014/07/08 08:43:06,2014/07/08 09:13:22,436515
2014/07/08 08:51:17,2014/07/08 08:58:14,1505036
2014/07/08 08:58:48,2014/07/08 09:06:23,1799511
2014/07/08 09:05:11,2014/07/08 09:33:38,305229
2014/07/08 09:10:53,2014/07/08 09:24:25,1568224
2014/07/08 09:18:45,2014/07/08 09:38:21,1485589
2014/07/08 09:23:56,2014/07/08 09:59:31,1098358
2014/07/08 09:29:29,2014/07/08 09:53:50,1234761
2014/07/08 08:26:06,2014/07/08 08:30:48,440437
2014/07/08 08:33:32,2014/07/08 09:01:02,2060504
2014/07/08 08:49:26,2014/07/08 09:02:28,1460724
2014/07/08 08:42:37,2014/07/08 08:47:26,2092093
2014/07/08 08:50:57,2014/07/08 09:03:02,531144
2014/07/08 08:58:32,2014/07/08 09:12:12,1027276
2014/07/08 09:04:59,2014/07/08 09:28:31,1159079
2014/07/08 09:10:44,2014/07/08 09:37:35,1265823
2014/07/08 09:17:18,2014/07/08 09:43:48,890649
2014/07/08 09:23:11,2014/07/08 09:47:03,1056227
2014/07/08 09:28:48,2014/07/08 09:39:55,414954
2014/07/08 08:25:55,2014/07/08 09:02:24,1689493
2014/07/08 08:33:21,2014/07/08 08:59:45,1331654
2014/07/08 08:42:20,2014/07/08 09:18:24,1414051
2014/07/08 09:14:43,2014/07/08 09:43:45,863925
2014/07/08 08:57:48,2014/07/08 09:35:51,341110
2014/07/08 09:04:49,2014/07/08 09:10:36,2086095
2014/07/08 09:10:24,2014/07/08 09:27:45,1835160
2014/07/08 09:16:36,2014/07/08 09:23:46,2074098
2014/07/08 09:23:09,2014/07/08 09:47:03,212247
2014/07/08 09:28:23,2014/07/08 09:38:22,2043831
2014/07/08 08:28:26,2014/07/08 08:41:26,2083480
2014/07/08 08:34:10,2014/07/08 08:56:02,1731611
2014/07/08 08:43:14,2014/07/08 08:50:55,701387
2014/07/08 08:51:35,2014/07/08 09:00:10,912123
2014/07/08 08:59:45,2014/07/08 09:24:22,1855670
2014/07/08 09:05:12,2014/07/08 09:33:38,57021
2014/07/08 09:10:54,2014/07/08 09:30:29,639721
2014/07/08 09:19:21,2014/07/08 09:50:52,630304
2014/07/08 09:23:56,2014/07/08 09:59:31,1858381
2014/07/08 09:29:50,2014/07/08 09:48:40,1808584
2014/07/08 08:27:12,2014/07/08 08:48:09,210170
2014/07/08 08:33:34,2014/07/08 09:01:03,1173915
2014/07/08 08:43:06,2014/07/08 08:43:00,1779939
2014/07/08 08:51:16,2014/07/08 08:58:14,114958
2014/07/08 08:52:24,2014/07/08 09:15:15,648793
2014/07/08 08:54:37,2014/07/08 09:10:59,163829
2014/07/08 08:56:31,2014/07/08 09:14:17,1297877
2014/07/08 08:58:48,2014/07/08 09:06:23,1262172
2014/07/08 09:01:18,2014/07/08 09:24:58,844689
2014/07/08 09:02:54,2014/07/08 09:02:50,924388
2014/07/08 09:04:17,2014/07/08 09:03:32,486030
2014/07/08 09:05:11,2014/07/08 09:33:38,1528120
2014/07/08 09:05:50,2014/07/08 09:33:32,1352192
2014/07/08 09:07:45,2014/07/08 09:23:51,1916658
2014/07/08 09:09:07,2014/07/08 09:41:51,1239366
2014/07/08 09:10:52,2014/07/08 09:24:25,583927
2014/07/08 09:12:35,2014/07/08 09:27:49,1007980
2014/07/08 09:13:36,2014/07/08 09:41:27,40715
2014/07/08 09:15:00,2014/07/08 09:31:11,1789940
2014/07/08 09:17:30,2014/07/08 09:33:08,19103
2014/07/08 09:20:26,2014/07/08 09:28:09,2063022
2014/07/08 09:20:50,2014/07/08 09:38:37,504450
2014/07/08 09:22:20,2014/07/08 09:53:59,1336465
2014/07/08 09:23:38,2014/07/08 09:45:35,1188959
2014/07/08 09:24:58,2014/07/08 09:49:49,270465
2014/07/08 09:26:26,2014/07/08 09:32:33,709987
2014/07/08 09:27:01,2014/07/08 09:59:01,661547
2014/07/08 09:28:59,2014/07/08 09:49:27,1276862
2014/07/08 08:15:51,2014/07/08 08:37:29,1657677
2014/07/08 08:19:25,2014/07/08 08:33:38,1855131
2014/07/08 08:24:28,2014/07/08 08:23:21,1346982
2014/07/08 08:26:07,2014/07/08 08:30:47,1025037
2014/07/08 08:29:07,2014/07/08 08:34:28,1012604
2014/07/08 08:29:47,2014/07/08 08:48:21,887962
2014/07/08 08:31:56,2014/07/08 08:36:17,1639148
2014/07/08 08:33:32,2014/07/08 09:02:06,2096121
2014/07/08 08:36:18,2014/07/08 09:00:57,1660730
2014/07/08 08:38:17,2014/07/08 08:52:14,903238
2014/07/08 08:41:18,2014/07/08 08:50:34,1362332
2014/07/08 08:42:52,2014/07/08 08:50:03,434962
2014/07/08 08:45:48,2014/07/08 09:21:28,1529701
2014/07/08 08:47:15,2014/07/08 09:10:17,1898284
2014/07/08 08:49:17,2014/07/08 08:55:39,713536
2014/07/08 08:50:57,2014/07/08 09:03:01,77124
2014/07/08 08:52:23,2014/07/08 08:52:12,1130496
2014/07/08 08:54:34,2014/07/08 09:09:08,42721
2014/07/08 08:55:45,2014/07/08 09:04:25,1355576
2014/07/08 08:58:32,2014/07/08 09:12:12,596157
2014/07/08 09:01:16,2014/07/08 09:39:06,777006
2014/07/08 09:02:28,2014/07/08 09:20:16,1061215
2014/07/08 09:04:13,2014/07/08 09:03:29,637544
2014/07/08 09:05:00,2014/07/08 09:28:32,1209380
2014/07/08 09:05:44,2014/07/08 09:24:03,1793350
2014/07/08 09:07:40,2014/07/08 09:20:25,272539
2014/07/08 09:09:08,2014/07/08 09:09:03,160563
2014/07/08 09:10:45,2014/07/08 09:37:36,932649
2014/07/08 09:12:20,2014/07/08 09:44:07,1885771
2014/07/08 09:13:35,2014/07/08 09:31:02,273492
2014/07/08 09:14:33,2014/07/08 09:30:44,868222
2014/07/08 09:17:19,2014/07/08 09:43:47,118552
2014/07/08 09:20:25,2014/07/08 09:28:08,1336607
2014/07/08 09:20:46,2014/07/08 09:47:13,1039780
2014/07/08 09:21:02,2014/07/08 09:38:54,392782
2014/07/08 09:23:11,2014/07/08 09:47:02,1488263
2014/07/08 09:24:52,2014/07/08 09:42:47,234320
2014/07/08 09:25:58,2014/07/08 09:41:52,217213
2014/07/08 09:26:59,2014/07/08 09:43:34,494142
2014/07/08 09:28:48,2014/07/08 09:33:35,552191
2014/07/08 08:15:19,2014/07/08 08:25:51,233486
2014/07/08 08:18:56,2014/07/08 08:32:11,1038735
2014/07/08 08:43:29,2014/07/08 08:51:06,1488954
2014/07/08 08:25:55,2014/07/08 09:02:25,1184040
2014/07/08 08:44:25,2014/07/08 08:53:44,717179
2014/07/08 08:29:39,2014/07/08 08:41:52,1438922
2014/07/08 08:31:14,2014/07/08 08:56:23,1152015
2014/07/08 08:33:20,2014/07/08 08:59:44,1973863
2014/07/08 08:41:14,2014/07/08 09:07:36,306905
2014/07/08 08:38:05,2014/07/08 09:07:11,1783900
2014/07/08 08:41:02,2014/07/08 08:49:06,1642096
2014/07/08 08:42:14,2014/07/08 08:57:48,1183890
2014/07/08 08:45:23,2014/07/08 08:51:21,171900
2014/07/08 08:46:43,2014/07/08 08:51:10,443480
2014/07/08 08:49:13,2014/07/08 09:14:55,1777829
2014/07/08 08:50:42,2014/07/08 09:25:39,1431907
2014/07/08 08:52:06,2014/07/08 08:57:42,1596880
2014/07/08 08:53:17,2014/07/08 09:23:42,1008236
2014/07/08 08:55:41,2014/07/08 09:31:30,1012684
2014/07/08 08:57:47,2014/07/08 09:35:52,564829
2014/07/08 09:00:59,2014/07/08 09:22:02,1248261
2014/07/08 09:02:13,2014/07/08 09:18:23,1871522
2014/07/08 09:03:27,2014/07/08 09:19:40,559418
2014/07/08 09:04:49,2014/07/08 09:10:36,2006984
2014/07/08 09:05:23,2014/07/08 09:30:48,1736670
2014/07/08 09:07:28,2014/07/08 09:16:17,1868780
2014/07/08 09:08:44,2014/07/08 09:34:42,876933
2014/07/08 09:10:24,2014/07/08 09:27:45,1566163
2014/07/08 09:11:28,2014/07/08 09:46:41,1947812
2014/07/08 09:13:34,2014/07/08 09:31:02,1427875
2014/07/08 09:14:11,2014/07/08 09:19:16,1206441
2014/07/08 09:15:31,2014/07/08 09:24:49,737117
2014/07/08 09:19:56,2014/07/08 09:49:42,300107
2014/07/08 09:20:33,2014/07/08 09:35:54,1692925
2014/07/08 09:21:00,2014/07/08 09:38:54,445984
2014/07/08 09:23:09,2014/07/08 09:47:03,1723050
2014/07/08 09:24:22,2014/07/08 10:00:26,640904
2014/07/08 09:25:35,2014/07/08 09:34:03,1378623
2014/07/08 09:26:57,2014/07/08 09:41:43,586980
2014/07/08 09:28:23,2014/07/08 09:38:22,1189267
2014/07/08 08:18:43,2014/07/08 08:27:27,2015331
2014/07/08 08:21:34,2014/07/08 08:57:57,1711423
2014/07/08 08:23:44,2014/07/08 09:01:11,1935961
2014/07/08 08:44:25,2014/07/08 08:53:45,482603
2014/07/08 08:29:36,2014/07/08 08:45:05,456254
2014/07/08 08:31:12,2014/07/08 08:56:23,1915615
2014/07/08 08:39:46,2014/07/08 09:01:55,1664740
2014/07/08 08:34:28,2014/07/08 09:02:07,481495
2014/07/08 08:37:47,2014/07/08 09:10:27,1895464
2014/07/08 08:40:19,2014/07/08 08:58:53,443711
2014/07/08 08:41:47,2014/07/08 08:54:27,1252903
2014/07/08 08:45:09,2014/07/08 08:58:04,175424
2014/07/08 08:46:17,2014/07/08 09:13:23,211622
2014/07/08 08:48:55,2014/07/08 09:04:12,289616
2014/07/08 08:50:32,2014/07/08 09:26:01,490983
2014/07/08 08:51:38,2014/07/08 09:16:02,2007538
2014/07/08 08:53:04,2014/07/08 09:12:52,1109173
2014/07/08 08:55:04,2014/07/08 09:11:59,1959018
2014/07/08 08:57:31,2014/07/08 09:04:59,1439563
2014/07/08 09:00:22,2014/07/08 09:17:37,9924
2014/07/08 09:02:03,2014/07/08 09:26:04,2014925
2014/07/08 09:03:27,2014/07/08 09:19:40,1296858
2014/07/08 09:04:03,2014/07/08 09:41:30,403474
2014/07/08 09:05:22,2014/07/08 09:30:49,195015
2014/07/08 09:06:51,2014/07/08 09:27:01,845407
2014/07/08 09:08:20,2014/07/08 09:42:23,838576
2014/07/08 09:10:20,2014/07/08 09:16:34,1083077
2014/07/08 09:11:00,2014/07/08 09:15:41,2049817
2014/07/08 09:13:22,2014/07/08 09:38:33,1663312
2014/07/08 09:14:00,2014/07/08 09:25:09,266590
2014/07/08 09:15:26,2014/07/08 09:35:52,1279196
2014/07/08 09:19:26,2014/07/08 09:39:25,916734
2014/07/08 09:20:31,2014/07/08 09:51:17,862836
2014/07/08 09:20:55,2014/07/08 09:29:48,6936
2014/07/08 09:22:39,2014/07/08 09:33:21,992045
2014/07/08 09:24:10,2014/07/08 09:39:34,105510
2014/07/08 09:25:29,2014/07/08 09:52:38,1587254
2014/07/08 09:26:57,2014/07/08 09:49:46,111758
2014/07/08 09:28:19,2014/07/08 10:03:26,696925
2014/07/08 08:16:22,2014/07/08 08:39:08,611642
2014/07/08 08:19:49,2014/07/08 08:36:28,784655
2014/07/08 08:23:33,2014/07/08 08:49:28,1120728
2014/07/08 08:27:12,2014/07/08 08:48:09,533093
2014/07/08 08:29:25,2014/07/08 08:49:26,1320137
2014/07/08 08:30:13,2014/07/08 08:59:21,178111
2014/07/08 08:32:40,2014/07/08 09:08:18,1983765
2014/07/08 08:45:57,2014/07/08 08:51:01,1156879
2014/07/08 08:36:52,2014/07/08 09:09:28,358884
2014/07/08 08:39:55,2014/07/08 09:03:11,1281941
2014/07/08 08:41:32,2014/07/08 09:13:32,1089957
2014/07/08 08:43:06,2014/07/08 08:50:56,302440
2014/07/08 08:45:51,2014/07/08 09:18:10,69324
2014/07/08 08:48:04,2014/07/08 09:11:28,139881
2014/07/08 08:49:26,2014/07/08 09:02:27,1865826
2014/07/08 08:51:16,2014/07/08 09:18:08,1229505
2014/07/08 08:52:25,2014/07/08 09:06:00,1101472
2014/07/08 08:54:37,2014/07/08 09:10:59,2093879
2014/07/08 08:56:31,2014/07/08 09:14:18,723831
2014/07/08 08:58:48,2014/07/08 09:06:24,155891
2014/07/08 09:01:19,2014/07/08 09:24:57,1966484
2014/07/08 09:02:55,2014/07/08 09:32:47,1182572
2014/07/08 09:04:18,2014/07/08 09:03:32,1220535
2014/07/08 09:05:11,2014/07/08 09:33:39,1657247
2014/07/08 09:06:24,2014/07/08 09:36:58,115651
2014/07/08 09:07:47,2014/07/08 09:36:06,780915
2014/07/08 09:09:07,2014/07/08 09:18:00,1806891
2014/07/08 09:10:52,2014/07/08 09:24:26,827497
2014/07/08 09:12:35,2014/07/08 09:27:50,1118070
2014/07/08 09:13:36,2014/07/08 09:26:34,516710
2014/07/08 09:15:13,2014/07/08 09:27:12,396176
2014/07/08 09:17:30,2014/07/08 09:33:08,593363
2014/07/08 09:20:26,2014/07/08 09:28:09,392618
2014/07/08 09:20:50,2014/07/08 09:57:28,947820
2014/07/08 09:22:21,2014/07/08 09:54:00,2001961
2014/07/08 09:23:55,2014/07/08 09:59:30,875863
2014/07/08 09:24:58,2014/07/08 09:50:02,325522
2014/07/08 09:26:27,2014/07/08 09:32:33,566139
2014/07/08 09:27:02,2014/07/08 09:59:01,66604
2014/07/08 09:29:08,2014/07/08 09:32:00,403432
